City,Country,Temperature,Humidity,Cloudiness,Windspeed,Latitude,Longitude,Date
ushuaia,AR,37.4,89,91,6.93,-54.8,-68.3,1592688876
butaritari,KI,83.14,77,98,11.23,3.07,172.79,1592688876
mataura,NZ,39.0,83,33,3.0,-46.19,168.86,1592688877
tsabong,BW,53.1,44,0,7.52,-26.02,22.4,1592688877
qaanaaq,GL,40.42,69,99,7.87,77.48,-69.36,1592688877
avarua,CK,75.2,64,100,6.93,-21.21,-159.78,1592688877
tuktoyaktuk,CA,41.0,100,90,10.29,69.45,-133.04,1592688877
punta arenas,CL,37.4,85,85,4.7,-53.15,-70.92,1592688877
barrow,US,35.6,74,90,4.7,71.29,-156.79,1592688877
yagodnoye,RU,68.18,44,22,1.48,62.55,149.67,1592688877
cape town,ZA,60.01,93,40,8.05,-33.93,18.42,1592688641
faya,SA,75.2,53,100,3.4,18.39,42.45,1592688877
hobart,AU,46.4,93,75,6.93,-42.88,147.33,1592688868
salinas,US,68.0,60,1,17.22,36.68,-121.66,1592688611
sohag,EG,87.8,25,0,13.87,26.56,31.69,1592688877
rikitea,PF,75.97,82,70,16.37,-23.12,-134.97,1592688877
bairnsdale,AU,39.0,95,7,4.34,-37.83,147.62,1592688878
te anau,NZ,35.26,86,33,1.14,-45.42,167.72,1592688878
hattiesburg,US,93.2,38,20,3.36,31.33,-89.29,1592688781
lorengau,PG,82.71,74,2,0.94,-2.02,147.27,1592688878
tiarei,PF,84.2,70,75,3.36,-17.53,-149.33,1592688878
airai,TL,54.43,96,6,3.44,-8.93,125.41,1592688878
jamestown,US,79.0,61,75,9.17,42.1,-79.24,1592688878
bagh,IN,82.02,70,93,17.45,22.37,74.77,1592688878
moyale,KE,68.94,76,81,11.7,3.52,39.06,1592688878
san quintin,MX,67.93,63,0,14.34,30.48,-115.95,1592688878
hilo,US,84.2,48,1,10.29,19.73,-155.09,1592688656
san gabriel casa blanca,MX,87.13,43,85,9.37,18.15,-97.13,1592688878
sitka,US,51.8,87,90,10.29,57.05,-135.33,1592688779
port alfred,ZA,66.0,42,15,7.0,-33.59,26.89,1592688878
new norfolk,AU,44.01,92,100,2.1,-42.78,147.06,1592688657
port elizabeth,ZA,55.4,93,68,4.7,-33.92,25.57,1592688813
talnakh,RU,46.4,81,100,11.18,69.49,88.4,1592688879
arraial do cabo,BR,78.8,88,0,5.82,-22.97,-42.03,1592688879
castro,BR,61.29,82,0,4.52,-24.79,-50.01,1592688584
kununurra,AU,60.8,39,6,9.78,-15.77,128.73,1592688843
vestmannaeyjar,IS,51.44,86,92,23.91,63.44,-20.27,1592688879
yulara,AU,37.4,55,0,9.17,-25.24,130.99,1592688879
blackwater,AU,62.73,69,90,2.01,-23.58,148.88,1592688716
esperance,AU,39.2,93,0,6.93,-33.87,121.9,1592688879
caborca,MX,100.0,18,0,7.0,30.58,-111.1,1592688879
baykit,RU,56.3,67,78,4.56,61.67,96.37,1592688879
prata,BR,71.83,56,16,1.88,-19.31,-48.92,1592688879
port augusta,AU,51.8,81,41,12.75,-32.5,137.77,1592688879
lompoc,US,66.2,72,12,13.87,34.64,-120.46,1592688880
kimbe,PG,79.97,82,7,3.0,-5.55,150.14,1592688880
east london,ZA,69.67,30,0,9.6,-33.02,27.91,1592688880
provideniya,RU,57.85,40,22,3.96,64.38,-173.3,1592688880
puerto ayora,EC,75.2,78,20,20.8,-0.74,-90.35,1592688880
nizhniy kuranakh,RU,58.53,76,72,2.73,58.84,125.49,1592688880
tasiilaq,GL,46.4,65,100,36.91,65.61,-37.64,1592688880
pevek,RU,42.87,73,65,3.71,69.7,170.31,1592688880
albany,US,91.0,40,70,4.54,42.6,-73.97,1592688602
coihaique,CL,39.2,93,75,3.36,-45.58,-72.07,1592688880
oranjestad,AW,86.0,74,20,23.04,12.52,-70.03,1592688805
sola,VU,84.2,74,90,5.82,-13.88,167.55,1592688880
yellowknife,CA,73.4,33,20,17.22,62.46,-114.35,1592688880
richards bay,ZA,61.79,84,0,9.28,-28.78,32.04,1592688880
veraval,IN,84.74,77,98,14.52,20.9,70.37,1592688880
belyy yar,RU,51.8,81,75,13.42,53.6,91.39,1592688881
xuanzhou,CN,67.46,97,100,5.84,30.95,118.76,1592688881
oranjemund,NA,58.19,86,20,3.47,-28.55,16.43,1592688881
kavieng,PG,83.41,72,19,2.06,-2.57,150.8,1592688881
batticaloa,LK,81.79,75,100,8.28,7.71,81.69,1592688881
chumikan,RU,38.75,96,100,13.65,54.72,135.31,1592688881
hermanus,ZA,53.01,94,49,10.8,-34.42,19.23,1592688881
vaini,TO,78.8,78,40,10.29,-21.2,-175.2,1592688881
nemuro,JP,50.88,86,1,7.83,43.32,145.57,1592688881
carnarvon,AU,66.2,100,40,12.75,-24.87,113.63,1592688881
belaya gora,RU,85.55,22,0,6.17,68.53,146.42,1592688881
port lincoln,AU,54.91,72,38,19.33,-34.73,135.87,1592688881
khatanga,RU,55.42,60,78,17.34,71.97,102.5,1592688881
laguna,US,87.01,37,1,4.7,38.42,-121.42,1592688636
jalu,LY,94.05,11,0,8.63,29.03,21.55,1592688882
huayucachi,PE,61.88,36,8,6.42,-12.13,-75.23,1592688882
kaduy,RU,48.81,78,37,6.24,59.2,37.15,1592688882
cherskiy,RU,81.12,26,100,9.73,68.75,161.3,1592688882
kodiak,US,53.6,87,90,9.17,57.79,-152.41,1592688882
sao joao da barra,BR,77.0,69,0,6.93,-21.64,-41.05,1592688882
chuy,UY,55.98,89,38,4.88,-33.7,-53.46,1592688882
kaitangata,NZ,43.0,82,52,1.99,-46.28,169.85,1592688882
san juan de uraba,CO,83.57,74,45,6.46,8.76,-76.53,1592688882
ikot ekpene,NG,73.85,96,97,5.66,5.18,7.71,1592688882
zhangjiakou,CN,69.85,64,0,1.41,40.81,114.88,1592688883
victoria,HK,84.99,79,60,5.01,22.29,114.16,1592688588
kaeo,NZ,55.0,3,21,8.37,-35.1,173.78,1592688883
pangnirtung,CA,48.13,52,1,3.24,66.15,-65.71,1592688883
san policarpo,PH,82.8,78,57,3.71,12.18,125.51,1592688883
vila franca do campo,PT,66.2,88,20,10.29,37.72,-25.43,1592688883
sierra vista,US,93.2,8,1,16.11,31.55,-110.3,1592688883
svetlaya,RU,52.7,72,95,1.72,46.54,138.33,1592688883
busselton,AU,41.0,71,0,6.31,-33.65,115.33,1592688883
dryden,CA,69.8,46,75,6.93,49.78,-92.75,1592688883
kapaa,US,82.4,69,40,14.99,22.08,-159.32,1592688692
cidreira,BR,67.57,91,39,5.86,-30.18,-50.21,1592688883
dikson,RU,35.83,85,99,24.0,73.51,80.55,1592688884
shingu,JP,69.42,87,99,5.06,33.73,135.98,1592688884
sinnamary,GF,78.8,88,74,9.78,5.38,-52.95,1592688884
todos santos,MX,73.99,75,60,4.0,23.45,-110.22,1592688884
nanortalik,GL,40.87,76,98,8.16,60.14,-45.24,1592688884
thompson,CA,50.0,93,90,9.17,55.74,-97.86,1592688663
bredasdorp,ZA,55.4,93,41,4.65,-34.53,20.04,1592688884
san rafael,AR,55.27,44,83,5.5,-34.62,-68.33,1592688774
kirakira,SB,81.77,76,100,9.22,-10.45,161.92,1592688884
shestakovo,RU,59.22,85,56,1.7,56.49,103.96,1592688884
blonie,PL,66.99,97,98,2.28,52.2,20.62,1592688698
nuuk,GL,41.0,86,75,10.29,64.18,-51.72,1592688884
oktyabrsk,KZ,63.79,28,46,10.11,49.47,57.42,1592688884
kailua,US,84.2,62,75,9.17,21.4,-157.74,1592688830
lokosovo,RU,49.41,93,100,16.58,61.13,74.82,1592688885
tiksi,RU,65.88,39,0,4.03,71.69,128.87,1592688885
moissala,TD,74.17,85,96,4.29,8.34,17.77,1592688885
jidong,CN,64.04,89,98,5.44,45.22,131.08,1592688885
ilulissat,GL,46.4,62,5,6.93,69.22,-51.1,1592688885
talcahuano,CL,55.4,82,75,12.75,-36.72,-73.12,1592688707
kabwe,ZM,48.96,84,0,3.67,-14.45,28.45,1592688885
georgetown,MY,82.4,94,20,2.24,5.41,100.34,1592688885
soligalich,RU,43.45,80,0,5.26,59.08,42.29,1592688885
dingle,PH,77.95,81,39,4.41,11.0,122.67,1592688885
fort-shevchenko,KZ,85.55,30,88,19.8,44.51,50.26,1592688885
polyarnyy,RU,44.6,81,0,2.39,69.2,33.45,1592688885
padang,ID,77.11,76,98,4.47,-0.95,100.35,1592688765
boa vista,BR,87.8,58,40,6.93,2.82,-60.67,1592688886
sidi ali,DZ,73.49,46,0,5.44,36.1,0.42,1592688647
cihuatlan,MX,87.8,74,40,11.41,19.24,-104.57,1592688886
prince rupert,CA,51.8,93,90,2.24,54.32,-130.32,1592688886
nouakchott,MR,77.0,88,0,10.29,18.09,-15.98,1592688886
bluff,NZ,39.0,83,15,3.0,-46.6,168.33,1592688886
nikolskoye,RU,60.8,63,0,6.71,59.7,30.79,1592688886
atuona,PF,79.54,76,4,15.08,-9.8,-139.03,1592688886
upernavik,GL,40.96,74,0,8.1,72.79,-56.15,1592688886
kazerun,IR,77.27,17,0,2.46,29.62,51.65,1592688619
faanui,PF,79.66,81,44,11.59,-16.48,-151.75,1592688886
rocha,UY,53.67,82,25,8.68,-34.48,-54.33,1592688886
hambantota,LK,81.73,79,100,18.97,6.12,81.12,1592688886
alice,US,91.4,59,20,16.11,27.75,-98.07,1592688886
saskylakh,RU,74.97,43,100,0.43,71.92,114.08,1592688887
mount isa,AU,60.8,38,0,12.75,-20.73,139.5,1592688887
pimentel,PE,71.6,64,13,17.22,-6.84,-79.93,1592688887
bengkulu,ID,75.11,88,100,4.12,-3.8,102.27,1592688887
ponferrada,ES,64.99,69,73,1.01,42.55,-6.6,1592688887
toora-khem,RU,47.88,78,0,3.96,52.47,96.11,1592688887
lebu,CL,51.85,85,40,12.24,-37.62,-73.65,1592688887
bethel,US,84.2,51,20,9.17,41.37,-73.41,1592688887
mehamn,NO,45.3,78,0,1.07,71.04,27.85,1592688887
porto novo,BJ,75.2,88,40,2.24,6.5,2.6,1592688887
ahipara,NZ,57.83,83,4,6.2,-35.17,173.17,1592688887
multai,IN,76.82,75,100,18.21,21.77,78.25,1592688887
boca do acre,BR,78.4,91,59,0.96,-8.75,-67.4,1592688888
viisoara,RO,64.4,93,75,5.82,46.55,23.92,1592688888
zabid,YE,91.67,33,3,9.89,14.2,43.32,1592688888
gorontalo,ID,74.08,88,30,2.64,0.54,123.06,1592688888
guerrero negro,MX,73.31,52,0,20.15,27.98,-114.06,1592688714
pinega,RU,41.18,78,100,8.14,64.7,43.39,1592688888
evensk,RU,61.47,61,0,5.03,61.95,159.23,1592688888
westport,US,84.99,54,1,14.99,41.14,-73.36,1592688888
opuwo,NA,52.07,52,0,6.02,-18.06,13.84,1592688888
ndele,CF,71.28,89,90,4.56,8.41,20.65,1592688888
catabola,AO,52.48,44,0,2.86,-12.15,17.28,1592688888
joshimath,IN,63.55,51,95,1.25,30.57,79.57,1592688888
ketchikan,US,51.8,100,90,1.57,55.34,-131.65,1592688888
estevan,CA,62.6,51,75,17.22,49.13,-102.98,1592688668
codrington,AU,43.75,91,86,3.33,-38.27,141.97,1592688888
paamiut,GL,40.15,83,85,25.68,61.99,-49.67,1592688888
san andres,CO,86.0,79,90,17.22,12.58,-81.7,1592688889
rapid valley,US,75.0,40,20,8.05,44.06,-103.15,1592688889
tatawin,TN,75.2,41,0,2.24,32.93,10.45,1592688889
noumea,NC,64.4,68,14,2.24,-22.28,166.46,1592688889
torbay,CA,44.01,81,75,12.75,47.67,-52.73,1592688889
biak,ID,76.86,83,100,7.29,-0.91,122.88,1592688889
blagoyevo,RU,42.91,69,88,11.79,63.37,47.92,1592688889
ha tinh,VN,81.61,73,0,3.31,18.33,105.9,1592688889
hervey bay,AU,61.0,93,59,5.01,-25.3,152.85,1592688889
san patricio,MX,87.8,74,40,11.41,19.22,-104.7,1592688889
komsomolskiy,UZ,73.4,38,0,6.93,40.43,71.72,1592688889
banepa,NP,69.8,100,75,3.36,27.63,85.52,1592688889
port-gentil,GA,77.0,88,40,10.29,-0.72,8.78,1592688889
haines junction,CA,61.36,50,88,8.59,60.75,-137.51,1592688890
beni,CD,61.48,98,72,1.34,0.5,29.47,1592688890
saint-augustin,CA,49.51,70,74,11.56,51.23,-58.65,1592688890
chipinge,ZW,49.71,88,9,2.1,-20.19,32.62,1592688890
maningrida,AU,67.12,94,8,9.1,-12.07,134.27,1592688890
saint-philippe,RE,68.0,77,71,8.05,-21.36,55.77,1592688890
turukhansk,RU,44.98,79,85,11.9,65.82,87.98,1592688890
victoriaville,CA,91.4,27,1,9.17,46.05,-71.97,1592688759
oktyabrskoye,RU,66.2,88,100,4.47,43.06,44.74,1592688890
teya,RU,45.59,72,94,3.2,60.38,92.63,1592688890
bubaque,GW,81.97,80,88,10.42,11.28,-15.83,1592688890
vostok,RU,50.86,95,100,5.06,46.49,135.88,1592688891
abu samrah,SY,69.94,62,0,12.57,35.3,37.18,1592688891
dalvik,IS,66.2,45,40,16.11,65.97,-18.53,1592688891
clyde river,CA,37.4,93,20,11.41,70.47,-68.59,1592688891
senanga,ZM,51.94,55,0,5.01,-16.12,23.27,1592688891
yumen,CN,74.07,29,100,9.78,40.28,97.2,1592688891
simao,CN,65.95,96,52,2.51,22.79,100.97,1592688891
mahebourg,MU,69.8,88,40,11.41,-20.41,57.7,1592688891
banganapalle,IN,84.38,60,100,15.73,15.32,78.23,1592688667
el jicaro,GT,88.77,55,40,4.14,14.92,-89.9,1592688891
neiafu,TO,80.6,78,75,12.75,-18.65,-173.98,1592688891
mweka,CD,69.19,53,1,0.47,-4.85,21.57,1592688891
vilhena,BR,84.2,51,49,5.82,-12.74,-60.15,1592688891
quelimane,MZ,68.0,88,20,6.93,-17.88,36.89,1592688891
lac du bonnet,CA,61.0,93,97,9.95,50.25,-96.06,1592688892
monrovia,LR,78.8,94,20,6.73,6.3,-10.8,1592688892
jaca,ES,55.99,86,11,4.97,42.57,-0.55,1592688892
mount gambier,AU,44.6,100,90,1.88,-37.83,140.77,1592688892
ostrovnoy,RU,40.55,88,79,9.06,68.05,39.51,1592688892
asau,RO,60.01,92,100,4.54,46.43,26.4,1592688892
santa marta,CO,80.6,100,75,2.24,11.24,-74.2,1592688607
kingaroy,AU,53.6,100,90,3.36,-26.53,151.83,1592688892
saint-pierre,RE,68.0,77,37,8.05,-21.34,55.48,1592688605
lichtenfels,DE,62.01,74,100,1.41,50.15,11.06,1592688892
ribeira grande,PT,68.0,88,40,13.87,38.52,-28.7,1592688892
manicore,BR,89.6,55,95,4.7,-5.81,-61.3,1592688892
sao filipe,CV,74.97,79,16,5.7,14.9,-24.5,1592688892
yarmouth,US,80.6,61,1,14.99,41.71,-70.23,1592688846
suraia,RO,75.2,64,75,3.36,45.68,27.4,1592688892
harrismith,ZA,37.67,75,0,5.57,-28.27,29.13,1592688892
sao joao do piaui,BR,78.48,56,0,5.7,-8.36,-42.25,1592688893
miri,MY,77.0,94,75,2.24,4.41,114.01,1592688893
oeiras do para,BR,77.47,87,39,3.56,-2.0,-49.85,1592688893
kavaratti,IN,84.13,75,99,17.74,10.57,72.64,1592688893
zaysan,KZ,46.0,73,36,9.95,47.47,84.87,1592688893
lasa,IT,53.6,76,40,6.93,46.62,10.7,1592688893
necochea,AR,50.0,85,100,1.99,-38.55,-58.74,1592688831
ostersund,SE,66.2,55,92,12.75,63.18,14.64,1592688893
el alto,PE,68.11,76,7,15.57,-4.27,-81.21,1592688893
half moon bay,US,77.0,56,20,12.75,37.46,-122.43,1592688809
colares,PT,66.2,77,20,21.92,38.8,-9.45,1592688893
fare,PF,80.35,78,43,10.11,-16.7,-151.02,1592688893
liberal,US,86.0,37,75,12.75,37.04,-100.92,1592688614
sao mateus do sul,BR,62.42,85,0,2.98,-25.87,-50.38,1592688893
constitucion,CL,55.63,90,100,18.39,-35.33,-72.42,1592688893
aswan,EG,87.8,16,20,11.41,24.09,32.91,1592688894
birao,CF,79.43,64,0,7.09,10.28,22.79,1592688894
saint-ambroise,CA,79.0,50,75,12.75,48.55,-71.33,1592688894
lafayette,US,89.6,46,75,9.17,30.23,-92.07,1592688894
iracoubo,GF,78.46,89,92,9.42,5.48,-53.2,1592688894
gedera,IL,75.2,78,20,6.93,31.81,34.78,1592688894
mayumba,GA,74.41,87,66,6.78,-3.43,10.66,1592688894
bonthe,SL,77.61,82,39,4.83,7.53,-12.51,1592688894
cabo san lucas,MX,87.8,45,5,12.75,22.89,-109.91,1592688894
kamenka,RU,72.0,66,32,4.0,51.32,42.77,1592688894
ponta do sol,PT,71.6,64,40,16.11,32.67,-17.1,1592688894
kahului,US,89.6,43,40,26.4,20.89,-156.47,1592688895
pelym,RU,44.15,76,86,9.98,61.01,62.0,1592688895
kruisfontein,ZA,58.33,89,99,8.28,-34.0,24.73,1592688895
qaqortoq,GL,53.6,40,75,5.82,60.72,-46.03,1592688895
kabinda,CD,69.89,46,9,3.31,-6.13,24.48,1592688895
puerto rico,AR,72.09,73,0,4.85,-26.8,-55.02,1592688895
baoding,CN,77.4,59,5,7.43,38.85,115.49,1592688895
ramsar,IR,75.2,69,0,2.24,36.92,50.64,1592688895
severo-kurilsk,RU,42.91,90,100,16.64,50.68,156.12,1592688895
bereda,ES,62.01,76,100,5.99,43.27,-7.54,1592688895
barao de melgaco,BR,87.8,31,0,6.93,-16.19,-55.97,1592688895
sillanwali,PK,93.69,27,2,7.67,31.83,72.54,1592688895
lagoa,PT,65.53,91,0,16.96,39.05,-27.98,1592688895
chumphon,TH,74.73,97,92,2.3,10.33,98.83,1592688895
odweyne,SO,75.09,54,33,14.07,9.41,45.06,1592688895
hobyo,SO,79.88,66,3,25.99,5.35,48.53,1592688896
kiunga,PG,73.69,98,86,2.51,-6.12,141.29,1592688896
fort nelson,CA,80.6,36,75,5.82,58.81,-122.7,1592688896
rio gallegos,AR,37.4,69,66,9.17,-51.62,-69.22,1592688896
mar del plata,AR,53.01,81,100,3.36,-38.0,-57.56,1592688896
roma,US,89.6,38,40,9.17,43.21,-75.46,1592688896
bandarbeyla,SO,79.92,72,100,28.12,9.49,50.81,1592688896
fortuna,US,66.99,72,20,17.22,40.6,-124.16,1592688896
pokhara,NP,69.6,83,100,1.39,28.23,83.98,1592688896
baruun-urt,MN,59.88,73,100,24.23,46.68,113.28,1592688896
harrison,US,89.6,43,1,9.17,30.41,-89.04,1592688896
cap malheureux,MU,69.01,85,91,8.01,-19.98,57.61,1592688896
souillac,MU,69.8,88,40,11.41,-20.52,57.52,1592688897
severnyy,RU,71.6,60,81,6.71,50.68,36.55,1592688897
mingrelskaya,RU,66.99,84,17,4.83,45.01,38.34,1592688897
boende,CD,73.74,60,86,0.47,-0.22,20.87,1592688897
chicama,PE,69.33,67,3,8.7,-7.84,-79.15,1592688897
deputatskiy,RU,77.32,25,0,2.89,69.3,139.9,1592688897
abha,SA,75.2,53,98,3.29,18.22,42.51,1592688897
gornyy,RU,41.05,93,14,3.49,55.12,83.91,1592688897
sampang,ID,79.65,78,91,12.86,-7.19,113.24,1592688897
siquijor,PH,78.8,88,75,4.7,9.21,123.52,1592688897
dongsheng,CN,69.1,57,26,10.0,39.82,109.98,1592688897
vila do maio,CV,77.0,73,20,16.11,15.13,-23.22,1592688898
lata,PT,63.0,77,1,3.0,40.16,-8.33,1592688898
guanaja,HN,83.1,78,90,22.84,16.4,-85.9,1592688898
olbia,IT,69.8,56,0,16.11,40.92,9.49,1592688898
port hardy,CA,57.2,82,90,10.29,50.7,-127.42,1592688898
kulhudhuffushi,MV,83.46,78,100,16.58,6.62,73.07,1592688643
flin flon,CA,53.6,66,90,4.7,54.77,-101.86,1592688663
aklavik,CA,48.2,87,90,11.41,68.22,-135.01,1592688898
agua branca,BR,77.34,74,75,3.62,-5.89,-42.64,1592688898
saint-andre-les-vergers,FR,63.0,93,95,4.05,48.29,4.05,1592688898
coahuayana,MX,86.0,58,75,17.22,18.73,-103.68,1592688898
roquetas de mar,ES,71.01,94,0,3.91,36.76,-2.61,1592688815
svetlogorsk,BY,64.53,91,91,6.29,52.63,29.73,1592688898
babocsa,HU,58.12,92,100,6.62,46.04,17.34,1592688898
leh,IN,49.89,47,29,4.65,34.17,77.58,1592688898
buala,SB,83.03,76,99,5.5,-8.14,159.59,1592688899
mareeba,AU,70.0,94,48,1.01,-17.0,145.43,1592688899
pombia,IT,75.99,72,68,4.7,45.65,8.63,1592688899
hokitika,NZ,48.76,57,0,6.15,-42.72,170.97,1592688649
sabang,ID,82.69,74,84,6.67,5.89,95.32,1592688899
margate,GB,60.01,78,8,1.99,51.38,1.39,1592688702
hasaki,JP,68.0,77,75,11.41,35.73,140.83,1592688899
ambikapur,IN,76.86,86,89,7.52,23.12,83.2,1592688899
korla,CN,71.76,22,7,17.74,41.76,86.15,1592688899
la libertad,EC,73.27,81,3,11.86,-2.23,-80.9,1592688899
quebo,GW,78.15,89,94,1.45,11.33,-14.93,1592688899
mandalgovi,MN,62.17,73,74,11.9,45.76,106.27,1592688899
adrar,MR,100.22,14,30,5.93,20.5,-10.07,1592688900
newport,GB,59.0,79,99,1.01,51.59,-3.0,1592688900
portland,US,64.99,82,75,4.7,45.52,-122.68,1592688872
okhotsk,RU,47.95,87,100,4.07,59.38,143.3,1592688900
lavrentiya,RU,54.52,44,36,16.82,65.58,-171.0,1592688900
narsaq,GL,53.6,40,75,5.82,60.92,-46.05,1592688900
luau,AO,58.05,42,0,4.59,-10.71,22.22,1592688900
kalmunai,LK,81.81,75,100,4.68,7.42,81.82,1592688900
port macquarie,AU,50.0,98,78,7.94,-31.43,152.92,1592688900
atambua,ID,69.21,90,22,5.68,-9.11,124.89,1592688900
eureka,US,66.99,14,90,1.01,40.8,-124.16,1592688737
turbat,PK,81.63,84,36,7.63,26.0,63.04,1592688716
florianopolis,BR,78.8,61,0,8.05,-27.61,-48.5,1592688614
canandaigua,US,82.99,61,21,3.0,42.87,-77.29,1592688901
chokurdakh,RU,86.5,21,0,9.71,70.63,147.92,1592688901
ko samui,TH,83.59,75,69,9.73,9.54,99.94,1592688901
acarau,BR,78.17,83,2,11.74,-2.89,-40.12,1592688901
savannah bight,HN,83.08,78,90,22.1,16.45,-85.85,1592688901
lethem,GY,80.87,77,7,5.93,3.38,-59.8,1592688901
nelson bay,AU,53.01,93,75,2.24,-32.72,152.15,1592688901
lillehammer,NO,62.01,66,92,7.0,61.11,10.47,1592688901
san pedro,PH,80.6,88,20,2.24,14.35,121.02,1592688901
xuanhua,CN,71.83,63,0,1.14,40.61,115.04,1592688901
yerbogachen,RU,61.65,83,48,4.21,61.28,108.01,1592688661
madimba,TZ,73.4,88,20,13.87,-10.4,40.33,1592688901
chebarkul,RU,57.58,93,100,8.28,54.97,60.36,1592688902
puerto escondido,MX,89.6,62,75,6.93,15.85,-97.07,1592688902
port hedland,AU,64.4,36,0,10.29,-20.32,118.57,1592688902
klaksvik,FO,53.6,93,60,13.87,62.23,-6.59,1592688902
kungurtug,RU,51.64,81,96,2.37,50.6,97.52,1592688902
hofn,IS,51.49,89,34,8.77,64.25,-15.21,1592688902
marystown,CA,52.0,77,86,11.21,47.17,-55.15,1592688902
saint anthony,US,73.99,53,90,5.82,45.02,-93.22,1592688902
chilliwack,CA,64.4,82,90,6.93,49.17,-121.94,1592688902
fern creek,US,91.4,38,20,8.05,38.16,-85.59,1592688723
fatsa,TR,68.0,88,20,2.24,41.03,37.5,1592688902
isangel,VU,69.8,88,20,14.63,-19.55,169.27,1592688902
sorland,NO,57.74,67,0,8.79,67.67,12.69,1592688902
high level,CA,80.6,32,20,17.22,58.52,-117.14,1592688903
tahoua,NE,91.4,36,6,6.93,14.89,5.27,1592688903
hami,CN,76.59,19,96,13.49,42.8,93.45,1592688903
jadu,LY,64.58,62,0,7.05,31.95,12.03,1592688903
flinders,AU,54.0,89,98,1.01,-34.58,150.86,1592688903
carauari,BR,81.97,75,48,2.21,-4.88,-66.9,1592688903
abu dhabi,AE,88.0,74,0,2.24,24.47,54.37,1592688903
hvolsvollur,IS,55.0,77,75,10.0,63.75,-20.22,1592688903
marienburg,PL,66.0,93,99,6.93,54.04,19.03,1592688903
bintulu,MY,77.0,94,75,6.93,3.17,113.03,1592688903
dubti,ET,91.99,28,19,8.5,11.74,41.09,1592688903
juan lacaze,UY,59.0,93,75,9.17,-34.43,-57.44,1592688903
julio de castilhos,BR,84.2,54,40,6.93,-29.23,-53.68,1592688904
grand forks,US,66.2,77,40,17.22,47.93,-97.03,1592688904
colesberg,ZA,44.96,54,3,6.35,-30.72,25.1,1592688904
lempaala,FI,68.0,56,26,5.82,61.32,23.75,1592688904
grover beach,US,69.8,77,90,8.41,35.12,-120.62,1592688904
fairbanks,US,71.6,49,20,4.7,64.84,-147.72,1592688904
roald,NO,64.0,87,100,4.7,62.58,6.13,1592688904
springbok,ZA,47.55,84,0,2.93,-29.66,17.89,1592688904
zhigansk,RU,72.05,40,0,4.68,66.77,123.37,1592688904
tuatapere,NZ,39.0,83,46,3.0,-46.13,167.68,1592688904
luderitz,NA,62.6,63,0,5.82,-26.65,15.16,1592688904
acajutla,SV,93.2,44,20,3.36,13.59,-89.83,1592688904
iqaluit,CA,42.8,75,75,2.24,63.75,-68.51,1592688904
mayya,RU,64.4,77,40,4.47,61.73,130.28,1592688905
lewiston,US,89.6,46,1,9.17,44.1,-70.21,1592688905
rawlins,US,73.4,16,1,19.46,41.79,-107.24,1592688905
touros,BR,77.0,88,40,5.82,-5.2,-35.46,1592688905
thinadhoo,MV,84.04,71,100,8.68,0.53,72.93,1592688905
sebrovo,RU,73.49,50,83,13.56,50.1,43.3,1592688905
bathsheba,BB,84.2,79,20,17.22,13.22,-59.52,1592688905
marzuq,YE,84.96,30,78,2.62,14.4,46.47,1592688905
puerto carreno,CO,86.0,70,40,6.93,6.19,-67.49,1592688905
gazimurskiy zavod,RU,52.83,74,0,3.47,51.55,118.33,1592688905
tutoia,BR,78.96,85,1,8.3,-2.76,-42.27,1592688906
leningradskiy,RU,55.38,49,18,6.46,69.38,178.42,1592688906
arklow,IE,54.0,96,100,1.01,52.79,-6.14,1592688906
los llanos de aridane,ES,71.6,64,3,11.41,28.66,-17.92,1592688906
usinsk,RU,45.86,93,100,14.81,65.99,57.53,1592688906
enid,US,87.8,48,75,7.72,36.4,-97.88,1592688824
boden,SE,59.0,58,0,3.38,65.83,21.69,1592688906
campeche,MX,93.09,49,52,5.06,19.0,-90.5,1592688906
zambezi,ZM,53.64,51,0,4.25,-13.54,23.1,1592688906
goderich,CA,84.0,54,100,4.54,43.75,-81.72,1592688663
panaba,MX,86.67,73,24,8.34,21.28,-88.27,1592688906
balsas,BR,80.67,59,92,3.6,-7.53,-46.04,1592688823
manokwari,ID,80.15,68,29,3.62,-0.87,134.08,1592688906
eyl,SO,81.61,65,91,21.41,7.98,49.82,1592688906
rockhampton,AU,62.6,82,75,3.36,-23.38,150.5,1592688906
pathein,MM,79.57,88,98,4.9,16.78,94.73,1592688907
the valley,AI,84.99,70,40,14.99,18.22,-63.06,1592688907
ankazoabo,MG,62.64,85,100,0.85,-22.28,44.52,1592688907
saravan,AM,69.8,37,40,9.17,39.72,45.65,1592688907
katsuura,JP,73.99,86,84,7.27,35.13,140.3,1592688907
nove mesto na morave,CZ,57.99,94,100,8.99,49.56,16.07,1592688907
srednekolymsk,RU,85.14,28,6,10.51,67.45,153.68,1592688907
tiznit,MA,67.8,67,0,2.08,29.58,-9.5,1592688685
whitehorse,CA,64.0,55,75,10.29,60.72,-135.05,1592688752
nome,US,69.01,48,90,13.87,64.5,-165.41,1592688785
bara,NG,76.53,76,31,9.53,10.37,10.73,1592688907
homer,US,55.4,50,90,6.93,59.64,-151.55,1592688907
fallon,US,91.4,12,75,4.7,39.47,-118.78,1592688907
skjervoy,NO,48.58,79,0,1.52,70.03,20.97,1592688908
ossora,RU,60.35,60,0,4.43,59.24,163.07,1592688908
phan thiet,VN,77.49,87,100,6.89,10.93,108.1,1592688908
bone,DE,64.4,72,100,4.7,51.97,12.14,1592688908
dalby,AU,51.01,98,90,11.56,-27.18,151.27,1592688908
jumla,NP,59.72,71,96,1.7,29.27,82.18,1592688908
nurota,UZ,73.4,25,0,6.93,40.56,65.69,1592688908
ancud,CL,46.99,87,20,3.36,-41.87,-73.82,1592688908
soledade,BR,63.68,94,0,5.84,-28.82,-52.51,1592688908
rawson,AR,56.17,49,74,32.53,-43.3,-65.1,1592688869
takestan,IR,68.0,28,0,9.91,36.07,49.7,1592688620
taltal,CL,58.8,78,22,2.59,-25.4,-70.48,1592688908
atasu,KZ,50.13,52,0,5.86,48.68,71.64,1592688908
ystad,SE,64.4,93,90,9.17,55.43,13.82,1592688908
tessalit,ML,96.96,9,0,6.58,20.2,1.01,1592688908
kota kinabalu,MY,78.01,100,20,3.36,5.97,116.07,1592688908
rantepao,ID,66.54,90,94,1.45,-2.97,119.9,1592688909
san jose de buan,PH,76.35,91,10,1.95,12.05,125.03,1592688909
vao,NC,67.77,60,23,11.54,-22.67,167.48,1592688909
chernyshevskiy,RU,61.2,83,42,4.32,63.01,112.47,1592688909
finnsnes,NO,60.8,51,0,5.82,69.23,17.98,1592688909
kasongo-lunda,CD,67.82,41,0,0.58,-6.47,16.82,1592688909
vidim,RU,56.32,89,0,2.3,56.41,103.11,1592688909
along,IN,72.12,89,20,0.36,28.17,94.77,1592688909
tilichiki,RU,59.79,67,0,2.33,60.47,166.1,1592688909
huntsville,US,91.99,40,40,4.7,34.73,-86.59,1592688690
viedma,AR,48.7,78,56,17.05,-40.81,-63.0,1592688831
yar-sale,RU,45.37,74,80,12.15,66.83,70.83,1592688909
aykhal,RU,62.6,59,40,4.47,66.0,111.5,1592688910
pascagoula,US,91.4,52,1,8.05,30.37,-88.56,1592688910
honningsvag,NO,44.2,82,0,5.01,70.98,25.97,1592688910
wiarton,CA,82.4,51,75,2.24,44.74,-81.13,1592688910
mitsamiouli,KM,75.78,87,100,24.07,-11.38,43.28,1592688910
brae,GB,55.4,93,57,12.75,60.4,-1.35,1592688910
saint-joseph,RE,68.0,77,51,8.05,-21.37,55.62,1592688910
bud,US,89.6,38,40,10.29,39.45,-86.18,1592688910
mangan,IN,75.04,56,71,1.48,27.52,88.53,1592688910
vila velha,BR,75.2,83,0,9.17,-20.33,-40.29,1592688841
butembo,CD,56.26,99,28,2.15,0.15,29.28,1592688910
hunterville,NZ,54.0,85,95,8.99,-39.93,175.57,1592688910
damphu,BT,68.04,81,10,2.98,27.07,90.11,1592688910
olafsvik,IS,51.53,86,71,3.83,64.89,-23.71,1592688910
sur,OM,85.14,67,56,14.7,22.57,59.53,1592688910
comodoro rivadavia,AR,53.6,54,100,14.99,-45.87,-67.5,1592688910
camacha,PT,68.0,82,40,10.29,33.08,-16.33,1592688809
george town,MY,82.4,94,20,2.24,5.41,100.34,1592688774
srikakulam,IN,84.11,67,97,4.72,18.3,83.9,1592688911
byron bay,AU,54.0,100,90,5.82,-28.65,153.62,1592688911
great falls,US,73.4,35,75,11.41,47.5,-111.3,1592688773
esmeraldas,BR,75.2,56,2,5.82,-19.76,-44.31,1592688911
mezhova,UA,64.47,94,100,8.1,48.25,36.73,1592688911
port blair,IN,82.42,83,92,10.63,11.67,92.75,1592688911
imatra,FI,51.8,81,0,2.24,61.17,28.75,1592688911
genhe,CN,54.5,74,0,2.91,50.78,121.52,1592688911
biltine,TD,86.43,26,0,9.13,14.53,20.92,1592688911
kloulklubed,PW,77.0,94,75,3.36,7.04,134.26,1592688912
muncar,ID,76.78,86,83,5.1,-8.43,114.33,1592688912
saint george,US,100.0,6,1,11.41,37.1,-113.58,1592688765
filingue,NE,98.71,22,41,7.02,14.35,3.32,1592688912
mana,GF,78.51,88,100,9.08,5.66,-53.78,1592688912
hemsedal,NO,59.0,82,100,3.06,60.86,8.55,1592688912
kushmurun,KZ,60.94,45,0,12.77,52.45,64.63,1592688912
hithadhoo,MV,82.76,72,99,5.64,-0.6,73.08,1592688641
lazaro cardenas,MX,87.55,51,69,8.14,17.96,-102.2,1592688912
wasco,US,98.01,16,1,6.93,35.59,-119.34,1592688765
synya,RU,43.32,95,100,8.12,65.37,58.04,1592688912
koryukivka,UA,65.64,91,100,6.58,51.77,32.25,1592688912
saldanha,ZA,57.2,93,51,9.17,-33.01,17.94,1592688912
itupiranga,BR,87.8,55,20,2.24,-5.13,-49.33,1592688912
chirongui,YT,77.0,78,75,20.8,-12.93,45.15,1592688912
verkhneyarkeyevo,RU,51.57,92,1,7.0,55.45,54.31,1592688912
trairi,BR,78.87,78,4,11.1,-3.28,-39.27,1592688913
paracatu,BR,67.44,81,7,3.11,-17.22,-46.87,1592688913
bandrele,YT,77.0,78,75,20.8,-12.91,45.19,1592688913
cadillac,US,87.8,25,40,12.75,44.25,-85.4,1592688913
jatai,BR,70.88,59,54,4.23,-17.88,-51.71,1592688658
scarborough,GB,60.01,83,17,1.99,54.28,-0.4,1592688663
progreso,MX,90.0,83,75,11.41,21.28,-89.67,1592688913
marawi,PH,75.99,90,89,3.0,8.0,124.29,1592688913
scranton,US,82.4,51,1,3.36,41.41,-75.66,1592688680
bolama,GW,82.22,79,100,10.38,11.58,-15.47,1592688913
kaliningrad,RU,64.4,93,75,5.1,54.71,20.51,1592688800
sangar,RU,67.01,68,48,3.24,63.92,127.47,1592688913
maroantsetra,MG,73.42,88,89,9.44,-15.43,49.73,1592688913
buraydah,SA,87.8,29,0,16.11,26.33,43.98,1592688914
quatre cocos,MU,69.8,88,40,11.41,-20.21,57.76,1592688914
mizdah,LY,70.48,43,0,5.84,31.45,12.98,1592688914
poum,NC,70.03,76,11,9.08,-20.23,164.02,1592688914
alofi,NU,77.0,83,100,13.87,-19.06,-169.92,1592688914
huangmei,CN,68.5,89,100,6.35,30.19,116.03,1592688914
kalabo,ZM,53.89,43,0,5.68,-14.97,22.68,1592688914
kupang,ID,73.4,88,40,6.93,-10.17,123.58,1592688914
anadyr,RU,60.8,51,20,6.71,64.75,177.48,1592688914
batemans bay,AU,51.01,96,86,1.01,-35.72,150.18,1592688914
otane,NZ,50.0,96,100,7.7,-39.88,176.63,1592688914
zakamensk,RU,49.87,85,99,2.95,50.37,103.29,1592688914
manono,CD,70.86,49,0,5.46,-7.3,27.42,1592688914
lithakia,GR,73.0,73,20,5.82,37.72,20.83,1592688915
umea,SE,59.0,62,97,3.36,63.83,20.26,1592688875
taywarah,AF,54.03,36,0,6.06,33.35,64.42,1592688915
bambous virieux,MU,69.8,88,40,11.41,-20.34,57.76,1592688915
egvekinot,RU,54.46,42,15,3.58,66.32,-179.17,1592688915
puerto rondon,CO,74.12,96,100,7.2,6.28,-71.1,1592688915
moose factory,CA,57.2,93,90,5.82,51.26,-80.61,1592688915
mecca,SA,84.31,26,74,5.3,21.43,39.83,1592688915
dunedin,NZ,43.0,94,95,3.0,-45.87,170.5,1592688637
cururupu,BR,76.39,88,2,3.8,-1.83,-44.87,1592688915
evanton,GB,62.6,51,50,9.17,57.66,-4.34,1592688915
bardsir,IR,87.8,20,15,9.17,29.92,56.57,1592688916
cierna nad tisou,SK,64.4,88,76,3.36,48.42,22.09,1592688916
tabou,CI,78.15,80,100,7.29,4.42,-7.35,1592688916
xining,CN,58.86,63,66,1.88,36.62,101.77,1592688916
berdigestyakh,RU,67.59,55,100,2.01,62.1,126.7,1592688916
cayenne,GF,82.4,74,75,3.36,4.93,-52.33,1592688916
mnogovershinnyy,RU,48.18,79,54,4.72,53.94,139.92,1592688916
jiwani,PK,84.47,84,20,10.13,25.05,61.74,1592688916
maceio,BR,78.8,74,40,8.05,-9.67,-35.74,1592688759
kyren,RU,55.0,73,100,1.25,51.68,102.14,1592688916
longyan,CN,74.73,78,99,2.89,25.11,117.02,1592688916
henties bay,NA,66.99,38,42,5.17,-22.12,14.28,1592688916
naze,JP,80.6,94,75,12.75,28.37,129.48,1592688917
namibe,AO,69.87,56,0,2.04,-15.2,12.15,1592688717
seoul,KR,66.2,100,40,1.54,37.57,126.98,1592688733
alice springs,AU,41.0,65,0,4.7,-23.7,133.88,1592688663
tamale,GH,80.28,69,89,5.46,9.4,-0.84,1592688900
beaumont,US,81.0,78,1,8.05,30.09,-94.1,1592688651
longyearbyen,SJ,39.2,86,75,17.22,78.22,15.64,1592688917
pochutla,MX,87.8,66,40,5.91,15.74,-96.47,1592688917
orange cove,US,95.0,23,1,5.39,36.62,-119.31,1592688917
santa rosalia,MX,92.28,25,0,0.81,27.32,-112.28,1592688917
pio ix,BR,73.98,66,46,9.37,-6.84,-40.58,1592688917
luwuk,ID,77.27,80,100,5.39,-0.95,122.79,1592688917
pisco,PE,66.2,72,27,8.05,-13.7,-76.22,1592688917
gourcy,BF,93.96,32,23,3.85,13.22,-2.35,1592688918
woodstock,CA,87.01,51,75,4.7,43.13,-80.75,1592688918
pangkalanbuun,ID,73.81,98,100,2.55,-2.68,111.62,1592688918
ugoofaaru,MV,83.43,79,100,14.52,5.67,73.0,1592688918
palu,ID,75.09,81,70,2.89,-0.89,119.87,1592688918
ajdabiya,LY,74.07,76,0,14.67,30.76,20.23,1592688918
nagapattinam,IN,82.62,66,100,11.63,10.77,79.83,1592688918
lander,US,80.6,16,1,5.82,42.83,-108.73,1592688918
surt,LY,72.63,78,0,13.67,31.21,16.59,1592688918
makakilo city,US,82.4,61,75,8.05,21.35,-158.09,1592688912
berea,US,84.99,42,40,5.82,41.37,-81.85,1592688918
inirida,CO,76.14,96,100,2.08,3.87,-67.92,1592688918
mama,RU,62.94,65,26,2.37,58.31,112.9,1592688918
pandan,PH,80.46,81,9,3.36,14.05,124.17,1592688918
bermejo,AR,60.8,38,84,4.7,-32.88,-68.8,1592688918
dukat,RU,64.65,37,1,3.06,62.55,155.55,1592688918
cocorit,MX,102.2,24,5,10.29,27.58,-109.97,1592688919
saint-georges,GD,84.2,83,40,20.8,12.06,-61.75,1592688919
rzhev,RU,59.7,88,98,9.89,56.26,34.33,1592688919
tura,IN,75.02,91,8,4.74,25.52,90.22,1592688919
dodoma,TZ,66.2,68,20,9.17,-6.17,35.74,1592688919
ocos,GT,91.4,66,40,8.05,14.51,-92.19,1592688919
denpasar,ID,80.6,100,40,11.41,-8.65,115.22,1592688792
